<?xml version="1.0" encoding="UTF-8"?>
<!--Sample XML file generated by XMLSPY v5 rel. 3 U (http://www.xmlspy.com)-->
<comprobanteRetencion xmlns:ns1="http://www.w3.org/2000/09/xmldsig#" xmlns:xsi="http://www.w3.org/2001/XMLSchema-instance" xsi:noNamespaceSchemaLocation="C:\Documents and Settings\mfsalazar\Escritorio\facturación electronica\formato xsd xml 07-03\comprobanteRetencion1.xsd" id="comprobante" version="NMTOKEN">
	<infoTributaria>
		<ambiente>1</ambiente>
		<tipoEmision>1</tipoEmision>
		<razonSocial>Ax</razonSocial>
		<nombreComercial>Ax</nombreComercial>
		<ruc>0000000000001</ruc>
		<claveAcceso>0000000000000000000000000000000000000000000000000</claveAcceso>
		<codDoc>00</codDoc>
		<estab>000</estab>
		<ptoEmi>000</ptoEmi>
		<secuencial>000000000</secuencial>
		<dirMatriz>Ax</dirMatriz>
	</infoTributaria>
	<infoCompRetencion>
		<fechaEmision>01/01/1000</fechaEmision>
		<dirEstablecimiento>Ax</dirEstablecimiento>
		<contribuyenteEspecial>123</contribuyenteEspecial>
		<obligadoContabilidad>SI</obligadoContabilidad>
		<tipoIdentificacionSujetoRetenido>04</tipoIdentificacionSujetoRetenido>
		<razonSocialSujetoRetenido>Ax</razonSocialSujetoRetenido>
		<identificacionSujetoRetenido>Ax</identificacionSujetoRetenido>
		<periodoFiscal>01/1000</periodoFiscal>
	</infoCompRetencion>
	<impuestos>
		<impuesto>
			<codigo>0</codigo>
			<codigoRetencion>Ax</codigoRetencion>
			<baseImponible>0</baseImponible>
			<porcentajeRetener>0</porcentajeRetener>
			<valorRetenido>0</valorRetenido>
			<codDocSustento>00</codDocSustento>
			<numDocSustento>000000000000000</numDocSustento>
			<fechaEmisionDocSustento>01/01/1000</fechaEmisionDocSustento>
		</impuesto>
		<impuesto>
			<codigo>0</codigo>
			<codigoRetencion>Ax</codigoRetencion>
			<baseImponible>0</baseImponible>
			<porcentajeRetener>0</porcentajeRetener>
			<valorRetenido>0</valorRetenido>
			<codDocSustento>00</codDocSustento>
			<numDocSustento>000000000000000</numDocSustento>
			<fechaEmisionDocSustento>01/01/1000</fechaEmisionDocSustento>
		</impuesto>
		<impuesto>
			<codigo>0</codigo>
			<codigoRetencion>Ax</codigoRetencion>
			<baseImponible>0</baseImponible>
			<porcentajeRetener>0</porcentajeRetener>
			<valorRetenido>0</valorRetenido>
			<codDocSustento>00</codDocSustento>
			<numDocSustento>000000000000000</numDocSustento>
			<fechaEmisionDocSustento>01/01/1000</fechaEmisionDocSustento>
		</impuesto>
	</impuestos>
	<infoAdicional>
		<campoAdicional nombre="Ax">Ax</campoAdicional>
		<campoAdicional nombre="Ax">Ax</campoAdicional>
		<campoAdicional nombre="Ax">Ax</campoAdicional>
	</infoAdicional>
</comprobanteRetencion>
