<?xml version="1.0" encoding="UTF-8"?>
<!--Sample XML file generated by XMLSPY v5 rel. 3 U (http://www.xmlspy.com)-->
<guiaRemision xmlns:ns1="http://www.w3.org/2000/09/xmldsig#" xmlns:xsi="http://www.w3.org/2001/XMLSchema-instance" xsi:noNamespaceSchemaLocation="C:\Documents and Settings\mfsalazar\Escritorio\facturación electronica\formato xsd xml 07-03\guiaRemision1.xsd" id="comprobante" version="NMTOKEN">
	<infoTributaria>
		<ambiente>1</ambiente>
		<tipoEmision>1</tipoEmision>
		<razonSocial>Ax</razonSocial>
		<nombreComercial>Ax</nombreComercial>
		<ruc>0000000000001</ruc>
		<claveAcceso>0000000000000000000000000000000000000000000000000</claveAcceso>
		<codDoc>00</codDoc>
		<estab>000</estab>
		<ptoEmi>000</ptoEmi>
		<secuencial>000000000</secuencial>
		<dirMatriz>Ax</dirMatriz>
	</infoTributaria>
	<infoGuiaRemision>
		<dirEstablecimiento>Ax</dirEstablecimiento>
		<dirPartida>Ax</dirPartida>
		<razonSocialTransportista>Ax</razonSocialTransportista>
		<tipoIdentificacionTransportista>05</tipoIdentificacionTransportista>
		<rucTransportista>Ax</rucTransportista>
		<rise>String</rise>
		<obligadoContabilidad>SI</obligadoContabilidad>
		<contribuyenteEspecial>123</contribuyenteEspecial>
		<fechaIniTransporte>01/01/1000</fechaIniTransporte>
		<fechaFinTransporte>01/01/1000</fechaFinTransporte>
		<placa>Ax</placa>
	</infoGuiaRemision>
	<destinatarios>
		<destinatario>
			<identificacionDestinatario>Ax</identificacionDestinatario>
			<razonSocialDestinatario>Ax</razonSocialDestinatario>
			<dirDestinatario>Ax</dirDestinatario>
			<motivoTraslado>Ax</motivoTraslado>
			<docAduaneroUnico>Ax</docAduaneroUnico>
			<codEstabDestino>000</codEstabDestino>
			<ruta>Ax</ruta>
			<codDocSustento>00</codDocSustento>
			<numDocSustento>000-000-000000000</numDocSustento>
			<numAutDocSustento>0000000000</numAutDocSustento>
			<fechaEmisionDocSustento>01/01/1000</fechaEmisionDocSustento>
			<detalles>
				<detalle>
					<codigoInterno>Ax</codigoInterno>
					<codigoAdicional>Ax</codigoAdicional>
					<descripcion>Ax</descripcion>
					<cantidad>0</cantidad>
					<detallesAdicionales>
						<detAdicional nombre="Ax" valor="Ax"/>
						<detAdicional nombre="Ax" valor="Ax"/>
						<detAdicional nombre="Ax" valor="Ax"/>
					</detallesAdicionales>
				</detalle>
				<detalle>
					<codigoInterno>Ax</codigoInterno>
					<codigoAdicional>Ax</codigoAdicional>
					<descripcion>Ax</descripcion>
					<cantidad>0</cantidad>
					<detallesAdicionales>
						<detAdicional nombre="Ax" valor="Ax"/>
						<detAdicional nombre="Ax" valor="Ax"/>
						<detAdicional nombre="Ax" valor="Ax"/>
					</detallesAdicionales>
				</detalle>
				<detalle>
					<codigoInterno>Ax</codigoInterno>
					<codigoAdicional>Ax</codigoAdicional>
					<descripcion>Ax</descripcion>
					<cantidad>0</cantidad>
					<detallesAdicionales>
						<detAdicional nombre="Ax" valor="Ax"/>
						<detAdicional nombre="Ax" valor="Ax"/>
						<detAdicional nombre="Ax" valor="Ax"/>
					</detallesAdicionales>
				</detalle>
			</detalles>
		</destinatario>
		<destinatario>
			<identificacionDestinatario>Ax</identificacionDestinatario>
			<razonSocialDestinatario>Ax</razonSocialDestinatario>
			<dirDestinatario>Ax</dirDestinatario>
			<motivoTraslado>Ax</motivoTraslado>
			<docAduaneroUnico>Ax</docAduaneroUnico>
			<codEstabDestino>000</codEstabDestino>
			<ruta>Ax</ruta>
			<codDocSustento>00</codDocSustento>
			<numDocSustento>000-000-000000000</numDocSustento>
			<numAutDocSustento>0000000000</numAutDocSustento>
			<fechaEmisionDocSustento>01/01/1000</fechaEmisionDocSustento>
			<detalles>
				<detalle>
					<codigoInterno>Ax</codigoInterno>
					<codigoAdicional>Ax</codigoAdicional>
					<descripcion>Ax</descripcion>
					<cantidad>0</cantidad>
					<detallesAdicionales>
						<detAdicional nombre="Ax" valor="Ax"/>
						<detAdicional nombre="Ax" valor="Ax"/>
						<detAdicional nombre="Ax" valor="Ax"/>
					</detallesAdicionales>
				</detalle>
				<detalle>
					<codigoInterno>Ax</codigoInterno>
					<codigoAdicional>Ax</codigoAdicional>
					<descripcion>Ax</descripcion>
					<cantidad>0</cantidad>
					<detallesAdicionales>
						<detAdicional nombre="Ax" valor="Ax"/>
						<detAdicional nombre="Ax" valor="Ax"/>
						<detAdicional nombre="Ax" valor="Ax"/>
					</detallesAdicionales>
				</detalle>
				<detalle>
					<codigoInterno>Ax</codigoInterno>
					<codigoAdicional>Ax</codigoAdicional>
					<descripcion>Ax</descripcion>
					<cantidad>0</cantidad>
					<detallesAdicionales>
						<detAdicional nombre="Ax" valor="Ax"/>
						<detAdicional nombre="Ax" valor="Ax"/>
						<detAdicional nombre="Ax" valor="Ax"/>
					</detallesAdicionales>
				</detalle>
			</detalles>
		</destinatario>
		<destinatario>
			<identificacionDestinatario>Ax</identificacionDestinatario>
			<razonSocialDestinatario>Ax</razonSocialDestinatario>
			<dirDestinatario>Ax</dirDestinatario>
			<motivoTraslado>Ax</motivoTraslado>
			<docAduaneroUnico>Ax</docAduaneroUnico>
			<codEstabDestino>000</codEstabDestino>
			<ruta>Ax</ruta>
			<codDocSustento>00</codDocSustento>
			<numDocSustento>000-000-000000000</numDocSustento>
			<numAutDocSustento>0000000000</numAutDocSustento>
			<fechaEmisionDocSustento>01/01/1000</fechaEmisionDocSustento>
			<detalles>
				<detalle>
					<codigoInterno>Ax</codigoInterno>
					<codigoAdicional>Ax</codigoAdicional>
					<descripcion>Ax</descripcion>
					<cantidad>0</cantidad>
					<detallesAdicionales>
						<detAdicional nombre="Ax" valor="Ax"/>
						<detAdicional nombre="Ax" valor="Ax"/>
						<detAdicional nombre="Ax" valor="Ax"/>
					</detallesAdicionales>
				</detalle>
				<detalle>
					<codigoInterno>Ax</codigoInterno>
					<codigoAdicional>Ax</codigoAdicional>
					<descripcion>Ax</descripcion>
					<cantidad>0</cantidad>
					<detallesAdicionales>
						<detAdicional nombre="Ax" valor="Ax"/>
						<detAdicional nombre="Ax" valor="Ax"/>
						<detAdicional nombre="Ax" valor="Ax"/>
					</detallesAdicionales>
				</detalle>
				<detalle>
					<codigoInterno>Ax</codigoInterno>
					<codigoAdicional>Ax</codigoAdicional>
					<descripcion>Ax</descripcion>
					<cantidad>0</cantidad>
					<detallesAdicionales>
						<detAdicional nombre="Ax" valor="Ax"/>
						<detAdicional nombre="Ax" valor="Ax"/>
						<detAdicional nombre="Ax" valor="Ax"/>
					</detallesAdicionales>
				</detalle>
			</detalles>
		</destinatario>
	</destinatarios>
	<infoAdicional>
		<campoAdicional nombre="Ax">Ax</campoAdicional>
		<campoAdicional nombre="Ax">Ax</campoAdicional>
		<campoAdicional nombre="Ax">Ax</campoAdicional>
	</infoAdicional>
</guiaRemision>
