<?xml version="1.0" encoding="UTF-8"?>
<!--Sample XML file generated by XMLSPY v5 rel. 3 U (http://www.xmlspy.com)-->
<notaDebito xmlns:ds="http://www.w3.org/2000/09/xmldsig#" xmlns:xsi="http://www.w3.org/2001/XMLSchema-instance" xsi:noNamespaceSchemaLocation="C:\Documents and Settings\mfsalazar\Escritorio\facturación electronica\formato xsd xml 07-03\notaDebito1.xsd" id="comprobante" version="NMTOKEN">
	<infoTributaria>
		<ambiente>1</ambiente>
		<tipoEmision>1</tipoEmision>
		<razonSocial>Ax</razonSocial>
		<nombreComercial>Ax</nombreComercial>
		<ruc>0000000000001</ruc>
		<claveAcceso>0000000000000000000000000000000000000000000000000</claveAcceso>
		<codDoc>00</codDoc>
		<estab>000</estab>
		<ptoEmi>000</ptoEmi>
		<secuencial>000000000</secuencial>
		<dirMatriz>Ax</dirMatriz>
	</infoTributaria>
	<infoNotaDebito>
		<fechaEmision>01/01/1000</fechaEmision>
		<dirEstablecimiento>Ax</dirEstablecimiento>
		<tipoIdentificacionComprador>04</tipoIdentificacionComprador>
		<razonSocialComprador>Ax</razonSocialComprador>
		<identificacionComprador>Ax</identificacionComprador>
		<contribuyenteEspecial>123</contribuyenteEspecial>
		<obligadoContabilidad>SI</obligadoContabilidad>
		<rise>String</rise>
		<codDocModificado>00</codDocModificado>
		<numDocModificado>000-000-000000000</numDocModificado>
		<fechaEmisionDocSustento>01/01/1000</fechaEmisionDocSustento>
		<totalSinImpuestos>3.14</totalSinImpuestos>
		<impuestos>
			<impuesto>
				<codigo>0</codigo>
				<codigoPorcentaje>0</codigoPorcentaje>
				<tarifa>0</tarifa>
				<baseImponible>0</baseImponible>
				<valor>0</valor>
			</impuesto>
			<impuesto>
				<codigo>0</codigo>
				<codigoPorcentaje>0</codigoPorcentaje>
				<tarifa>0</tarifa>
				<baseImponible>0</baseImponible>
				<valor>0</valor>
			</impuesto>
			<impuesto>
				<codigo>0</codigo>
				<codigoPorcentaje>0</codigoPorcentaje>
				<tarifa>0</tarifa>
				<baseImponible>0</baseImponible>
				<valor>0</valor>
			</impuesto>
		</impuestos>
		<valorTotal>0</valorTotal>
	</infoNotaDebito>
	<motivos>
		<motivo>
			<razon>Ax</razon>
			<valor>0</valor>
		</motivo>
		<motivo>
			<razon>Ax</razon>
			<valor>0</valor>
		</motivo>
		<motivo>
			<razon>Ax</razon>
			<valor>0</valor>
		</motivo>
	</motivos>
	<infoAdicional>
		<campoAdicional nombre="Ax">Ax</campoAdicional>
		<campoAdicional nombre="Ax">Ax</campoAdicional>
		<campoAdicional nombre="Ax">Ax</campoAdicional>
	</infoAdicional>
</notaDebito>
